{"cameraMode":{"drawMode":0,"name":"Shaded","section":"Shading Mode"},"sceneLighting":true,"audioPlay":false,"sceneViewState":{"showFog":true,"showMaterialUpdate":false,"showSkybox":true,"showFlares":true,"showImageEffects":true,"showParticleSystems":true},"in2DMode":false,"pivot":{"x":-5.460000038146973,"y":1.0099999904632569,"z":2.640000104904175},"rotation":{"x":-0.11750277876853943,"y":0.3580907881259918,"z":-0.0453958697617054,"w":-0.925150454044342},"size":9.9320650100708,"orthographic":true}