{"cameraMode":{"drawMode":0,"name":"Shaded","section":"Shading Mode"},"sceneLighting":true,"audioPlay":false,"sceneViewState":{"showFog":true,"showMaterialUpdate":false,"showSkybox":true,"showFlares":true,"showImageEffects":true,"showParticleSystems":true},"in2DMode":false,"pivot":{"x":-7.778061389923096,"y":1.8139688968658448,"z":5.257194995880127},"rotation":{"x":-0.23253363370895387,"y":0.504731297492981,"z":-0.14312013983726502,"w":-0.8189573287963867},"size":11.565423965454102,"orthographic":true}