{"cameraMode":{"drawMode":0,"name":"Shaded","section":"Shading Mode"},"sceneLighting":false,"audioPlay":false,"sceneViewState":{"showFog":true,"showMaterialUpdate":false,"showSkybox":false,"showFlares":true,"showImageEffects":true,"showParticleSystems":true},"in2DMode":false,"pivot":{"x":2.384185791015625e-7,"y":1.8714234828948975,"z":-0.03748524188995361},"rotation":{"x":-0.11750277876853943,"y":0.3580907881259918,"z":-0.0453958697617054,"w":-0.925150454044342},"size":4.755262851715088,"orthographic":true}